value,ismatch_1,top1,ismatch_2,top2,ismatch_3,top3,ismatch_4,top4,ismatch_5,top5
ACEITES DE PALMA,0,ACEITES MANUELITA,0,,0,,0,,0,
ACEITES MANUELITA,0,ACEITES DE PALMA,0,,0,,0,,0,
ADIMULIA AGROLESTARI,0,ADIMULIA PALMO LESTARI,0,,0,,0,,0,
ADIMULIA PALMO LESTARI,0,ADIMULIA AGROLESTARI,0,,0,,0,,0,
AGRINA SAWIT PERDANA,0,AGRINDO SAWIT PERKASA,0,,0,,0,,0,
AGRINDO SAWIT PERKASA,0,AGRINA SAWIT PERDANA,0,,0,,0,,0,
AGRO ABADI,0,AGRO NUSA ABADI,0,,0,,0,,0,
AGRO NUSA ABADI,0,AGRO ABADI,0,,0,,0,,0,
AGRO SEJAHTERA,0,AGRO SEJAHTERA MANUNGGAL,0,,0,,0,,0,
AGRO SEJAHTERA MANUNGGAL,0,AGRO SEJAHTERA,0,,0,,0,,0,
AGRO WIRA LIGATSA,0,AGRO WIRATAMA,0,,0,,0,,0,
AGRO WIRATAMA,0,AGRO WIRA LIGATSA,0,,0,,0,,0,
AGROPECUARIA SANTA MARIA S.A.,0,AGROPECUARIA SANTAMARIA S.A.,0,AGROPECUARIA SANTA MARIA S.A. SAN MARTIN,0,,0,,0,
AGROPECUARIA SANTA MARIA S.A. SAN MARTIN,1,AGROPECUARIA SANTA MARIA S.A.,0,AGROPECUARIA SANTAMARIA S.A.,0,,0,,0,
AGROPECUARIA SANTAMARIA S.A.,1,AGROPECUARIA SANTA MARIA S.A.,0,AGROPECUARIA SANTA MARIA S.A. SAN MARTIN,0,,0,,0,
ANUGERAH LANGKAT MAKMUR,0,ANUGERAH TANI MAKMUR,0,,0,,0,,0,
ANUGERAH TANI MAKMUR,0,ANUGERAH LANGKAT MAKMUR,0,,0,,0,,0,
ARYA RAMA PERSADA,0,ARYA RAMA PRAKASA,0,,0,,0,,0,
ARYA RAMA PRAKASA,0,ARYA RAMA PERSADA,0,,0,,0,,0,
AUSTINDO NUSANTARA JAYA AGRI ,0,AUSTINDO NUSANTARA JAYA AGRI SIAIS,0,,0,,0,,0,
AUSTINDO NUSANTARA JAYA AGRI SIAIS,0,AUSTINDO NUSANTARA JAYA AGRI ,0,,0,,0,,0,
BALUNG PALM OIL MILL SDN BHD,0,CENTRAL PALM OIL MILL SDN BHD,0,,0,,0,,0,
BANGUN SEMPURNA LESTARI,0,BANGUN TENERA RIAU,0,,0,,0,,0,
BANGUN TENERA RIAU,0,BANGUN SEMPURNA LESTARI,0,,0,,0,,0,
BAU PALM OIL MILL SDN BHD,0,ENDAU PALM OIL MILL SDN BHD,0,BBC PALM OIL MILL SDN BHD,0,SUKAU PALM OIL MILL SDN BHD,0,JUGRA PALM OIL MILL SDN BHD,0,RSB PALM OIL MILL SDN BHD
BBC PALM OIL MILL SDN BHD,0,RSB PALM OIL MILL SDN BHD,0,BAU PALM OIL MILL SDN BHD,0,ST PALM OIL MILL SDN BHD,0,DD PALM OIL MILL SDN BHD,0,
BEAUFORT PALM OIL MILL SDN BHD,0,BAU PALM OIL MILL SDN BHD,0,,0,,0,,0,
BERKAT SAWIT SEJAHTERA,0,BERKAT SAWIT SEJATI,0,BERKAT SAWIT SUKAMAJU,0,,0,,0,
BERKAT SAWIT SEJATI,0,BERKAT SAWIT SEJAHTERA,0,BERKAT SAWIT SUKAMAJU,0,,0,,0,
BERKAT SAWIT SUKAMAJU,0,BERKAT SAWIT SEJATI,0,BERKAT SAWIT SEJAHTERA,0,,0,,0,
BOUSTEAD EMASTULIN SDN BHD,0,BOUSTEAD PELITA TINJAR SDN BHD,0,,0,,0,,0,
BOUSTEAD GRADIENT SDN BHD,0,BOUSTEAD PELITA TINJAR SDN BHD,0,,0,,0,,0,
BOUSTEAD PELITA TINJAR SDN BHD,0,BOUSTEAD RIMBA NILAI SDN BHD,0,BOUSTEAD EMASTULIN SDN BHD,0,BOUSTEAD GRADIENT SDN BHD,0,BOUSTEAD PLANTATIONS BHD,0,
BOUSTEAD PLANTATIONS BHD,0,BOUSTEAD PELITA TINJAR SDN BHD,0,,0,,0,,0,
BOUSTEAD RIMBA NILAI SDN BHD,0,BOUSTEAD PELITA TINJAR SDN BHD,0,,0,,0,,0,
BUMI HUTANI LESTARI,0,BUMI PERMAI LESTARI,0,,0,,0,,0,
BUMI MEKAR TANI,0,BUMI MENTARI KARYA,0,,0,,0,,0,
BUMI MENTARI KARYA,0,BUMI MEKAR TANI,0,,0,,0,,0,
BUMI PERMAI LESTARI,0,BUMI HUTANI LESTARI,0,,0,,0,,0,
BUMI SAWINDO PERMAI,0,BUMI SAWIT PERMAI,0,,0,,0,,0,
BUMI SAWIT PERMAI,0,BUMI SAWINDO PERMAI,0,,0,,0,,0,
CAHAYA SAWIT LESTARI,0,HARAPAN SAWIT LESTARI,0,,0,,0,,0,
CENTRAL PALM OIL MILL SDN BHD,0,SERIAN PALM OIL MILL SDN BHD,0,BALUNG PALM OIL MILL SDN BHD,0,,0,,0,
CITRA SAWIT HARUM,0,CITRA SAWIT LESTARI,0,,0,,0,,0,
CITRA SAWIT LESTARI,0,CITRA SAWIT HARUM,0,,0,,0,,0,
CORPORACION INDUSTRIAL BARU S.A. (CIBA S.A.),0,CORPORACION INDUSTRIAL DE SULA (COINSU),0,,0,,0,,0,
CORPORACION INDUSTRIAL DE SULA (COINSU),0,CORPORACION INDUSTRIAL BARU S.A. (CIBA S.A.),0,,0,,0,,0,
DD PALM OIL MILL SDN BHD,0,ST PALM OIL MILL SDN BHD,0,RSB PALM OIL MILL SDN BHD,0,BBC PALM OIL MILL SDN BHD,0,ENDAU PALM OIL MILL SDN BHD,0,BAU PALM OIL MILL SDN BHD
DHARMA SATYA NUSANTARA,0,DHARMA SATYA NUSANTARA (DSN),0,,0,,0,,0,
DHARMA SATYA NUSANTARA (DSN),1,DHARMA SATYA NUSANTARA,0,,0,,0,,0,
DJUANDA SAWIT LESTARI,0,MUARA SAWIT LESTARI,0,,0,,0,,0,
ENDAU PALM OIL MILL SDN BHD,0,BAU PALM OIL MILL SDN BHD,0,YUWANG PALM OIL MILL SDN BHD,0,DD PALM OIL MILL SDN BHD,0,VEETAR PALM OIL MILL SDN BHD,0,JUGRA PALM OIL MILL SDN BHD
ENG THYE PLANTATIONS BHD,0,SEONG THYE PLANTATIONS SDN BHD,0,,0,,0,,0,
ENSEM LESTARI,0,ENSEM SAWITA,0,,0,,0,,0,
ENSEM SAWITA,0,ENSEM LESTARI,0,,0,,0,,0,
EXTRACTORA CUSIANA LTDA,0,EXTRACTORA SICARARE LTDA,0,,0,,0,,0,
EXTRACTORA EL ESTERO,0,EXTRACTORA LOMA FRESCA,0,,0,,0,,0,
EXTRACTORA GRUPALMA S.A.S.,0,EXTRACTORA LA GLORIA S.A.S.,0,EXTRACTORA LA PAZ S.A.,0,,0,,0,
EXTRACTORA LA GLORIA S.A.S.,0,EXTRACTORA LA PAZ S.A.,0,EXTRACTORA GRUPALMA S.A.S.,0,EXTRACTORA LA SEXTA S.A.,0,,0,
EXTRACTORA LA PAZ S.A.,0,EXTRACTORA LA SEXTA S.A.,0,EXTRACTORA LA GLORIA S.A.S.,0,EXTRACTORA GRUPALMA S.A.S.,0,,0,
EXTRACTORA LA SEXTA S.A.,0,EXTRACTORA LA PAZ S.A.,0,EXTRACTORA LA GLORIA S.A.S.,0,,0,,0,
EXTRACTORA LOMA FRESCA,0,EXTRACTORA EL ESTERO,0,,0,,0,,0,
EXTRACTORA SICARARE LTDA,0,EXTRACTORA CUSIANA LTDA,0,,0,,0,,0,
FAJAR AGRO SAWIT,0,FAJAR AGRO SEJAHTERA,0,,0,,0,,0,
FAJAR AGRO SEJAHTERA,0,FAJAR AGRO SAWIT,0,,0,,0,,0,
FAJAR SAUDARA KUSUMA,0,FAJAR SAUDARA LESTARI,0,,0,,0,,0,
FAJAR SAUDARA LESTARI,0,FAJAR SAUDARA KUSUMA,0,,0,,0,,0,
GENTING PLANTATIONS BERHAD,0,GENTING PLANTATIONS BHD,0,,0,,0,,0,
GENTING PLANTATIONS BHD,1,GENTING PLANTATIONS BERHAD,0,,0,,0,,0,
GIGA PUTRA NUSANTARA,0,GIGA PUTRA PERKASA,0,,0,,0,,0,
GIGA PUTRA PERKASA,0,GIGA PUTRA NUSANTARA,0,,0,,0,,0,
GLOBALINDO AGRO LESTARI,0,GLOBALINDO AGUNG LESTARI,0,,0,,0,,0,
GLOBALINDO AGUNG LESTARI,0,GLOBALINDO AGRO LESTARI,0,,0,,0,,0,
GUNTA SAMBA,0,GUNTA SAMBA JAYA,0,,0,,0,,0,
GUNTA SAMBA JAYA,0,GUNTA SAMBA,0,,0,,0,,0,
GUNUNG MARAS LESTARI,0,GUNUNG SELAMAT LESTARI,0,,0,,0,,0,
GUNUNG PELAWAN LESTARI,0,GUNUNG SELAMAT LESTARI,0,,0,,0,,0,
GUNUNG SAWIT ABADI,0,GUNUNG SAWIT MAS,0,GUNUNG TUA ABADI,0,,0,,0,
GUNUNG SAWIT MAS,0,GUNUNG SAWIT ABADI,0,,0,,0,,0,
GUNUNG SEJAHTERA DUA INDAH,0,GUNUNG SEJAHTERA PUTI PESONA,0,,0,,0,,0,
GUNUNG SEJAHTERA IBU PERTIWI,0,GUNUNG SEJAHTERA PUTI PESONA,0,,0,,0,,0,
GUNUNG SEJAHTERA PUTI PESONA,0,GUNUNG SEJAHTERA DUA INDAH,0,GUNUNG SEJAHTERA IBU PERTIWI,0,,0,,0,
GUNUNG SELAMAT LESTARI,0,GUNUNG MARAS LESTARI,0,GUNUNG PELAWAN LESTARI,0,,0,,0,
GUNUNG TUA ABADI,0,GUNUNG SAWIT ABADI,0,,0,,0,,0,
HARAPAN SAWIT LESTARI,0,HARAPAN SAWIT SEJAHTERA,0,CAHAYA SAWIT LESTARI,0,,0,,0,
HARAPAN SAWIT SEJAHTERA,0,HARAPAN SAWIT LESTARI,0,,0,,0,,0,
HARKAT SEJAHTERA,0,SYAUKATH SEJAHTERA,0,,0,,0,,0,
HAVYS OIL MILL SDN BHD,0,TBS OIL MILL SDN BHD,0,PSS OIL MILL SDN BHD,0,,0,,0,
INDUSTRIAS DEL ESPINO S.A.,0,INDUSTRIAS DEL ESPINO SA,0,INDUSTRIAS DEL SHANUSI S.A.,0,INDUSTRIAS OLEANA S.A.,0,,0,
INDUSTRIAS DEL ESPINO SA,1,INDUSTRIAS DEL ESPINO S.A.,0,INDUSTRIAS DEL SHANUSI S.A.,0,,0,,0,
INDUSTRIAS DEL SHANUSI S.A.,0,INDUSTRIAS DEL ESPINO S.A.,0,INDUSTRIAS DEL ESPINO SA,0,,0,,0,
INDUSTRIAS OLEANA S.A.,0,INDUSTRIAS DEL ESPINO S.A.,0,,0,,0,,0,
JAYA GEMILANG SUKSES,0,JAYA MANDIRI SUKSES,0,,0,,0,,0,
JAYA MANDIRI SUKSES,0,JAYA GEMILANG SUKSES,0,,0,,0,,0,
JUGRA PALM OIL MILL SDN BHD,0,BAU PALM OIL MILL SDN BHD,0,YUWANG PALM OIL MILL SDN BHD,0,SUKAU PALM OIL MILL SDN BHD,0,ENDAU PALM OIL MILL SDN BHD,0,RSB PALM OIL MILL SDN BHD
KAHANG PALM OIL MILL SDN BHD,0,YUWANG PALM OIL MILL SDN BHD,0,SUKAU PALM OIL MILL SDN BHD,0,,0,,0,
KALIMANTAN AGRO NUSANTARA,0,KALIMANTAN AGRO PUSAKA,0,,0,,0,,0,
KALIMANTAN AGRO PUSAKA,0,KALIMANTAN AGRO NUSANTARA,0,KALIMANTAN SANGGAR PUSAKA,0,,0,,0,
KALIMANTAN SANGGAR PUSAKA,0,KALIMANTAN AGRO PUSAKA,0,,0,,0,,0,
KALIMANTAN SAWIT ABADI,0,KALIMANTAN SAWIT KUSUMA,0,,0,,0,,0,
KALIMANTAN SAWIT KUSUMA,0,KALIMANTAN SAWIT ABADI,0,,0,,0,,0,
KARYA MAKMUR ABADI,0,KARYA MAKMUR BAHAGIA,0,KARYA MAKMUR SEJAHTERA,0,,0,,0,
KARYA MAKMUR BAHAGIA,0,KARYA MAKMUR ABADI,0,KARYA MAKMUR SEJAHTERA,0,,0,,0,
KARYA MAKMUR SEJAHTERA,0,KARYA MAKMUR BAHAGIA,0,KARYA MAKMUR ABADI,0,,0,,0,
KARYA SAWIT LESTARI,0,MUARA SAWIT LESTARI,0,KARYA SAWITINDO MAS,0,,0,,0,
KARYA SAWITINDO MAS,0,KARYA SAWIT LESTARI,0,,0,,0,,0,
KENCANA PERMATA NUSANTARA,0,KENCANA PERSADA NUSANTARA,0,,0,,0,,0,
KENCANA PERSADA NUSANTARA,0,KENCANA PERMATA NUSANTARA,0,,0,,0,,0,
KENINGAU PALM OIL MILL SDN BHD,0,SERIAN PALM OIL MILL SDN BHD,0,UNIQUE PALM OIL MILL SDN BHD,0,,0,,0,
KILANG KELAPA SAWIT FORTUNA SDN BHD,0,KILANG KELAPA SAWIT JERANTUT SDN BHD,0,KILANG KELAPA SAWIT LEKIR SDN BHD,0,KILANG KELAPA SAWIT SELUMPUR SDN BHD,0,KILANG KELAPA SAWIT PINANGAH SDN BHD,0,KILANG MINYAK SAWIT MERU SDN BHD
KILANG KELAPA SAWIT JERANTUT SDN BHD,0,KILANG KELAPA SAWIT FORTUNA SDN BHD,0,KILANG KELAPA SAWIT LEKIR SDN BHD,0,KILANG KELAPA SAWIT SELUMPUR SDN BHD,0,KILANG MINYAK SAWIT MERU SDN BHD,0,KILANG SAWIT PANJI ALAM SDN BHD
KILANG KELAPA SAWIT LEKIR SDN BHD,0,KILANG KELAPA SAWIT SELUMPUR SDN BHD,0,KILANG KELAPA SAWIT JERANTUT SDN BHD,0,KILANG KELAPA SAWIT FORTUNA SDN BHD,0,KILANG KELAPA SAWIT PINANGAH SDN BHD,0,KILANG MINYAK SAWIT MERU SDN BHD
KILANG KELAPA SAWIT PINANGAH SDN BHD,0,KILANG KELAPA SAWIT FORTUNA SDN BHD,0,KILANG KELAPA SAWIT LEKIR SDN BHD,0,KILANG KELAPA SAWIT JERANTUT SDN BHD,0,,0,
KILANG KELAPA SAWIT SELUMPUR SDN BHD,0,KILANG KELAPA SAWIT LEKIR SDN BHD,0,KILANG KELAPA SAWIT JERANTUT SDN BHD,0,KILANG KELAPA SAWIT FORTUNA SDN BHD,0,,0,
KILANG MINYAK KELAPA SAWIT LUM SDN BHD,0,KILANG MINYAK KELAPA SAWIT SEMANTAN SDN BHD,0,KILANG MINYAK SAWIT MERU SDN BHD,0,KILANG MINYAK SAWIT KAMUNTING SDN BHD,0,,0,
KILANG MINYAK KELAPA SAWIT SEMANTAN SDN BHD,0,KILANG MINYAK KELAPA SAWIT LUM SDN BHD,0,KILANG MINYAK SAWIT KAMUNTING SDN BHD,0,,0,,0,
KILANG MINYAK SAWIT KAMUNTING SDN BHD,0,KILANG MINYAK SAWIT MERU SDN BHD,0,KILANG MINYAK KELAPA SAWIT LUM SDN BHD,0,KILANG MINYAK SAWIT TG TUALANG (1997) SDN BHD,0,KILANG MINYAK KELAPA SAWIT SEMANTAN SDN BHD,0,
KILANG MINYAK SAWIT MERU SDN BHD,0,KILANG MINYAK SAWIT KAMUNTING SDN BHD,0,KILANG MINYAK KELAPA SAWIT LUM SDN BHD,0,KILANG KELAPA SAWIT LEKIR SDN BHD,0,KILANG KELAPA SAWIT JERANTUT SDN BHD,0,KILANG KELAPA SAWIT FORTUNA SDN BHD
KILANG MINYAK SAWIT TG TUALANG (1997) SDN BHD,0,KILANG MINYAK SAWIT KAMUNTING SDN BHD,0,,0,,0,,0,
KILANG SAWIRA MAKMUR SDN BHD,0,KILANG SAWIT C.P. SDN BHD,0,,0,,0,,0,
KILANG SAWIT BELL SDN BHD,0,KILANG SAWIT LEMBING SDN BHD,0,KILANG SAWIT UNITED BELL SDN BHD,0,KILANG SAWIT C.P. SDN BHD,0,,0,
KILANG SAWIT C.P. SDN BHD,0,KILANG SAWIT BELL SDN BHD,0,KILANG SAWIRA MAKMUR SDN BHD,0,,0,,0,
KILANG SAWIT LEMBING SDN BHD,0,KILANG SAWIT BELL SDN BHD,0,KILANG SAWIT PANJI ALAM SDN BHD,0,KILANG SAWIT UNITED BELL SDN BHD,0,,0,
KILANG SAWIT PANJI ALAM SDN BHD,0,KILANG SAWIT LEMBING SDN BHD,0,KILANG KELAPA SAWIT JERANTUT SDN BHD,0,KILANG KELAPA SAWIT FORTUNA SDN BHD,0,,0,
KILANG SAWIT UNITED BELL SDN BHD,0,KILANG SAWIT BELL SDN BHD,0,KILANG SAWIT LEMBING SDN BHD,0,,0,,0,
LADANG MILLS SDN BHD,0,LADANG PERMAI SDN BHD,0,,0,,0,,0,
LADANG PERMAI SDN BHD,0,LADANG SERASA SDN BHD,0,LADANG MILLS SDN BHD,0,,0,,0,
LADANG SABAH SDN BHD,0,LADANG SERASA SDN BHD,0,,0,,0,,0,
LADANG SERASA SDN BHD,0,LADANG PERMAI SDN BHD,0,LADANG SABAH SDN BHD,0,,0,,0,
MITRA AGUNG SAWITA SEJATI,0,MITRA AGUNG SWADAYA,0,,0,,0,,0,
MITRA AGUNG SWADAYA,0,MITRA AGUNG SAWITA SEJATI,0,,0,,0,,0,
MITRA MENDAWAI SEJATI,0,MITRA SAWIT JAMBI,0,,0,,0,,0,
MITRA PATI MAS,0,MITRA SAWIT JAMBI,0,,0,,0,,0,
MITRA SAWIT JAMBI,0,MITRA PATI MAS,0,MITRA MENDAWAI SEJATI,0,,0,,0,
MUARA SAWIT LESTARI,0,KARYA SAWIT LESTARI,0,DJUANDA SAWIT LESTARI,0,,0,,0,
MULTI JAYA PERKASA,0,MULTI PALMA SEJAHTERA,0,,0,,0,,0,
MULTI PALMA SEJAHTERA,0,MULTI JAYA PERKASA,0,MULTI PERKASA SEJAHTERA,0,,0,,0,
MULTI PERKASA SEJAHTERA,0,MULTI PALMA SEJAHTERA,0,,0,,0,,0,
MUSTIKA AGUNG SARANA SEJAHTERA,0,MUSTIKA AGUNG SAWIT SEJAHTERA,0,,0,,0,,0,
MUSTIKA AGUNG SAWIT GEMILANG,0,MUSTIKA AGUNG SAWIT SEJAHTERA,0,,0,,0,,0,
MUSTIKA AGUNG SAWIT SEJAHTERA,0,MUSTIKA AGUNG SARANA SEJAHTERA,0,MUSTIKA AGUNG SAWIT GEMILANG,0,,0,,0,
MUTIARA HIJAU LESTARI,0,MUTIARA SAWIT LESTARI,0,,0,,0,,0,
MUTIARA SAWIT LESTARI,0,MUTIARA SAWIT SEMESTA,0,MUTIARA HIJAU LESTARI,0,,0,,0,
MUTIARA SAWIT SEMESTA,0,MUTIARA SAWIT LESTARI,0,,0,,0,,0,
NEW BRITAIN PALM OIL,0,NEW BRITAIN PALM OIL LTD (OLD),0,,0,,0,,0,
NEW BRITAIN PALM OIL LTD (OLD),1,NEW BRITAIN PALM OIL,0,,0,,0,,0,
OLEAGINOSAS DEL OCOA,0,OLEAGINOSAS DEL PERU (OLPESA),0,,0,,0,,0,
OLEAGINOSAS DEL PERU (OLPESA),0,OLEAGINOSAS DEL OCOA,0,,0,,0,,0,
ORGANIC CROPS S.A.,0,ORGANIC SUPPLY S.A.,0,,0,,0,,0,
ORGANIC SUPPLY S.A.,0,ORGANIC CROPS S.A.,0,,0,,0,,0,
PALMA BUMI LESTARI ,0,PALMA SUMBER LESTARI,0,,0,,0,,0,
PALMA MAS SEJATI,0,PALMASA SA,0,,0,,0,,0,
PALMA SUMBER LESTARI,0,PALMA BUMI LESTARI ,0,,0,,0,,0,
PALMA SUR S.A.,0,PALMAGRO S.A.,0,,0,,0,,0,
PALMAC,0,PALMCI,0,,0,,0,,0,
PALMAGRO S.A.,0,PALMA SUR S.A.,0,,0,,0,,0,
PALMASA SA,0,PALMA MAS SEJATI,0,,0,,0,,0,
PALMCI,0,PALMAC,0,,0,,0,,0,
PALMERAS DE LA COSTA S.A.,0,PALMERAS DEL LLANO S.A.,0,,0,,0,,0,
PALMERAS DE LOS ANDES QUININDE,0,PALMERAS DE LOS ANDES SAN LORENZO,0,,0,,0,,0,
PALMERAS DE LOS ANDES SAN LORENZO,0,PALMERAS DE LOS ANDES QUININDE,0,,0,,0,,0,
PALMERAS DEL LLANO S.A.,0,PALMERAS DE LA COSTA S.A.,0,,0,,0,,0,
PANDEWAN PALM OIL MILL SDN BHD,0,ENDAU PALM OIL MILL SDN BHD,0,,0,,0,,0,
PERKEBUNAN NUSANTARA I,0,PERKEBUNAN NUSANTARA II,0,PERKEBUNAN NUSANTARA VI,0,PERKEBUNAN NUSANTARA IV,0,PERKEBUNAN NUSANTARA VII,0,PERKEBUNAN NUSANTARA III
PERKEBUNAN NUSANTARA II,0,PERKEBUNAN NUSANTARA III,0,PERKEBUNAN NUSANTARA VII,0,PERKEBUNAN NUSANTARA I,0,PERKEBUNAN NUSANTARA XIII,0,PERKEBUNAN NUSANTARA VIII
PERKEBUNAN NUSANTARA III,0,PERKEBUNAN NUSANTARA XIII,0,PERKEBUNAN NUSANTARA VIII,0,PERKEBUNAN NUSANTARA II,0,PERKEBUNAN NUSANTARA VII,0,PERKEBUNAN NUSANTARA I
PERKEBUNAN NUSANTARA IV,0,PERKEBUNAN NUSANTARA XIV,0,PERKEBUNAN NUSANTARA I,0,PERKEBUNAN NUSANTARA VI,0,PERKEBUNAN NUSANTARA V,0,PERKEBUNAN NUSANTARA VII
PERKEBUNAN NUSANTARA V,0,PERKEBUNAN NUSANTARA IV,0,PERKEBUNAN NUSANTARA VI,0,PERKEBUNAN NUSANTARA XIV,0,PERKEBUNAN NUSANTARA VII,0,PERKEBUNAN NUSANTARA I
PERKEBUNAN NUSANTARA VI,0,PERKEBUNAN NUSANTARA VII,0,PERKEBUNAN NUSANTARA IV,0,PERKEBUNAN NUSANTARA I,0,PERKEBUNAN NUSANTARA V,0,PERKEBUNAN NUSANTARA VIII
PERKEBUNAN NUSANTARA VII,0,PERKEBUNAN NUSANTARA VIII,0,PERKEBUNAN NUSANTARA VI,0,PERKEBUNAN NUSANTARA II,0,PERKEBUNAN NUSANTARA III,0,PERKEBUNAN NUSANTARA I
PERKEBUNAN NUSANTARA VIII,0,PERKEBUNAN NUSANTARA VII,0,PERKEBUNAN NUSANTARA III,0,PERKEBUNAN NUSANTARA II,0,PERKEBUNAN NUSANTARA XIII,0,PERKEBUNAN NUSANTARA VI
PERKEBUNAN NUSANTARA XIII,0,PERKEBUNAN NUSANTARA III,0,PERKEBUNAN NUSANTARA VIII,0,PERKEBUNAN NUSANTARA II,0,PERKEBUNAN NUSANTARA I,0,PERKEBUNAN NUSANTARA XIV
PERKEBUNAN NUSANTARA XIV,0,PERKEBUNAN NUSANTARA IV,0,PERKEBUNAN NUSANTARA I,0,PERKEBUNAN NUSANTARA V,0,PERKEBUNAN NUSANTARA VI,0,PERKEBUNAN NUSANTARA XIII
PERKEBUNAN PERTANIAN PATI SARI,0,PERKEBUNAN NUSANTARA III,0,PERKEBUNAN NUSANTARA XIII,0,PERKEBUNAN NUSANTARA VIII,0,PERKEBUNAN NUSANTARA II,0,PERKEBUNAN NUSANTARA VII
PERKEBUNAN SUMATERA UTARA,0,PERKEBUNAN SUMATERA UTARA (SIMPANG GAMBIR),0,,0,,0,,0,
PERKEBUNAN SUMATERA UTARA (SIMPANG GAMBIR),0,PERKEBUNAN SUMATERA UTARA,0,,0,,0,,0,
PERMATA HIJAU GROUP,0,PERMATA HIJAU SARANA,0,,0,,0,,0,
PERMATA HIJAU SARANA,0,PERMATA HIJAU SAWIT,0,PERMATA HIJAU GROUP,0,,0,,0,
PERMATA HIJAU SAWIT,0,PERMATA HIJAU SARANA,0,,0,,0,,0,
PERMATA SUBUR LESTARI,0,PRIMA SAUHUR LESTARI,0,,0,,0,,0,
PERTUBUHAN PELADANG NEGERI JOHOR (PPNJ),0,PERTUBUHAN PELADANG NEGERI PERAK (PPNP),0,,0,,0,,0,
PERTUBUHAN PELADANG NEGERI PERAK (PPNP),0,PERTUBUHAN PELADANG NEGERI JOHOR (PPNJ),0,,0,,0,,0,
PITAS PALM OIL MILL SDN BHD,0,SERIAN PALM OIL MILL SDN BHD,0,,0,,0,,0,
PRIMA SAUHUR LESTARI,0,PERMATA SUBUR LESTARI,0,,0,,0,,0,
PROCESADORA DE ACEITE DE PALMA,0,PROCESADORA DE ACEITE ORO ROJO LTDA,0,,0,,0,,0,
PROCESADORA DE ACEITE ORO ROJO LTDA,0,PROCESADORA DE ACEITE DE PALMA,0,,0,,0,,0,
PSS OIL MILL SDN BHD,0,TBS OIL MILL SDN BHD,0,HAVYS OIL MILL SDN BHD,0,,0,,0,
PUTERA BANGKA TANI,0,PUTRA BANGKA MANDIRI,0,,0,,0,,0,
PUTRA BANGKA MANDIRI,0,PUTERA BANGKA TANI,0,,0,,0,,0,
RSB PALM OIL MILL SDN BHD,0,ST PALM OIL MILL SDN BHD,0,BBC PALM OIL MILL SDN BHD,0,DD PALM OIL MILL SDN BHD,0,BAU PALM OIL MILL SDN BHD,0,SUKAU PALM OIL MILL SDN BHD
RUCHI SOYA INDUSTRIES,0,RUCHI SOYA INDUSTRIES LTD,0,,0,,0,,0,
RUCHI SOYA INDUSTRIES LTD,1,RUCHI SOYA INDUSTRIES,0,,0,,0,,0,
SACHIEW PLANTATIONS SDN BHD,0,SAPI PLANTATION SDN BHD,0,,0,,0,,0,
SAPI PLANTATION SDN BHD,0,SACHIEW PLANTATIONS SDN BHD,0,,0,,0,,0,
SAWIT GRAHA MANUNGGAL,0,SAWITA KARYA MANUNGGUL,0,,0,,0,,0,
SAWIT INTI PRIMA PERKASA,0,SAWITA INTER PERKASA,0,,0,,0,,0,
SAWIT MAS NUSANTARA,0,SAWIT MAS SEJAHTERA,0,,0,,0,,0,
SAWIT MAS SEJAHTERA,0,SAWIT SUKSES SEJAHTERA,0,SAWIT RUPAT SEJAHTERA,0,SAWIT MAS NUSANTARA,0,,0,
SAWIT MULIA,0,SAWIT MULTI UTAMA,0,,0,,0,,0,
SAWIT MULTI UTAMA,0,SAWIT MULIA,0,SAWIT RIAU MAKMUR,0,,0,,0,
SAWIT RIAU MAKMUR,0,SAWIT MULTI UTAMA,0,,0,,0,,0,
SAWIT RUPAT SEJAHTERA,0,SAWIT MAS SEJAHTERA,0,,0,,0,,0,
SAWIT SUKSES SEJAHTERA,0,SAWIT MAS SEJAHTERA,0,,0,,0,,0,
SAWITA INTER PERKASA,0,SAWIT INTI PRIMA PERKASA,0,,0,,0,,0,
SAWITA KARYA MANUNGGUL,0,SAWIT GRAHA MANUNGGAL,0,,0,,0,,0,
SAWITA LEIDONG JAYA,0,SAWITA UNGGUL JAYA,0,,0,,0,,0,
SAWITA UNGGUL JAYA,0,SAWITA LEIDONG JAYA,0,,0,,0,,0,
SEONG THYE PLANTATIONS SDN BHD,0,ENG THYE PLANTATIONS BHD,0,,0,,0,,0,
SEPANJANG INTI SURYA UTAMA,0,SEPANJANG INTISURYA MULIA,0,,0,,0,,0,
SEPANJANG INTISURYA MULIA,0,SEPANJANG INTI SURYA UTAMA,0,,0,,0,,0,
SERI LANGAT PALM OIL MILL SDN BHD,0,SERI ULU LANGAT PALM OIL MILL SDN BHD,0,,0,,0,,0,
SERI ULU LANGAT PALM OIL MILL SDN BHD,0,SERI LANGAT PALM OIL MILL SDN BHD,0,SERIAN PALM OIL MILL SDN BHD,0,,0,,0,
SERIAN PALM OIL MILL SDN BHD,0,PITAS PALM OIL MILL SDN BHD,0,KENINGAU PALM OIL MILL SDN BHD,0,CENTRAL PALM OIL MILL SDN BHD,0,UNIQUE PALM OIL MILL SDN BHD,0,SERI ULU LANGAT PALM OIL MILL SDN BHD
SINAR SAWIT LESTARI,0,SINAR SAWIT SUBUR LESTARI,0,,0,,0,,0,
SINAR SAWIT SUBUR LESTARI,0,SINAR SAWIT LESTARI,0,,0,,0,,0,
SINAR UTAMA NABATI,0,SURYA UTAMA NABATI,0,,0,,0,,0,
SOUTHERN KERATONG PLANTATIONS SDN BHD,0,SOUTHERN PERAK PLANTATIONS SDN BHD,0,,0,,0,,0,
SOUTHERN PERAK PLANTATIONS SDN BHD,0,SOUTHERN KERATONG PLANTATIONS SDN BHD,0,,0,,0,,0,
ST PALM OIL MILL SDN BHD,0,RSB PALM OIL MILL SDN BHD,0,DD PALM OIL MILL SDN BHD,0,BBC PALM OIL MILL SDN BHD,0,SUKAU PALM OIL MILL SDN BHD,0,BAU PALM OIL MILL SDN BHD
SUBUR AGRO MAKMUR,0,SUBUR ARUM MAKMUR,0,,0,,0,,0,
SUBUR ARUM MAKMUR,0,SUBUR AGRO MAKMUR,0,,0,,0,,0,
SUKAU PALM OIL MILL SDN BHD,0,BAU PALM OIL MILL SDN BHD,0,ST PALM OIL MILL SDN BHD,0,JUGRA PALM OIL MILL SDN BHD,0,YUWANG PALM OIL MILL SDN BHD,0,ENDAU PALM OIL MILL SDN BHD
SUMBER ADINUSA LESTARI,0,SUMBERTAMA NUSAPERTIWI,0,,0,,0,,0,
SUMBER SAWIT JAYA LESTARI,0,SUMBER SAWIT SEJAHTERA,0,SUMBER SAWIT NUSANTARA,0,,0,,0,
SUMBER SAWIT MAKMUR,0,SUMBER SAWIT MEKAR,0,SUMBER SAWIT NUSANTARA,0,,0,,0,
SUMBER SAWIT MEKAR,0,SUMBER SAWIT MAKMUR,0,SUMBER SAWIT SEJAHTERA,0,SUMBER SAWIT NUSANTARA,0,,0,
SUMBER SAWIT NUSANTARA,0,SUMBER SAWIT SEJAHTERA,0,SUMBER SAWIT JAYA LESTARI,0,SUMBER SAWIT MEKAR,0,SUMBER SAWIT MAKMUR,0,
SUMBER SAWIT SEJAHTERA,0,SUMBER SAWIT MEKAR,0,SUMBER SAWIT NUSANTARA,0,SUMBER SAWIT JAYA LESTARI,0,SURYA SAWIT SEJAHTERA,0,
SUMBERTAMA NUSAPERTIWI,0,SUMBER ADINUSA LESTARI,0,,0,,0,,0,
SURYA SAWIT SEJAHTERA,0,SUMBER SAWIT SEJAHTERA,0,,0,,0,,0,
SURYA UTAMA AGROLESTARI,0,SURYA UTAMA NABATI,0,,0,,0,,0,
SURYA UTAMA NABATI,0,SINAR UTAMA NABATI,0,SURYA UTAMA AGROLESTARI,0,,0,,0,
SWADAYA ANDIKA,0,SWADAYA INDOPALMA,0,,0,,0,,0,
SWADAYA INDOPALMA,0,SWADAYA ANDIKA,0,,0,,0,,0,
SYAUKATH SEJAHTERA,0,HARKAT SEJAHTERA,0,,0,,0,,0,
TBS OIL MILL SDN BHD,0,PSS OIL MILL SDN BHD,0,WTK OIL MILL SDN BHD,0,HAVYS OIL MILL SDN BHD,0,,0,
"THAI TALLOW AND OIL CO, LTD",0,THAITALLOW AND OIL CO.LTD,0,,0,,0,,0,
THAITALLOW AND OIL CO.LTD,1,"THAI TALLOW AND OIL CO, LTD",0,,0,,0,,0,
THP SABACO SDN BHD,0,THP SARIBAS SDN BHD,0,,0,,0,,0,
THP SARIBAS SDN BHD,0,THP SABACO SDN BHD,0,,0,,0,,0,
TIAN SIANG OILL MILL (AIR KUNING) SDN BHD,0,TIAN SIANG OILL MILL (PERAK) SDN BHD,0,TIAN SIANG OILL MILL (PAHANG) SDN BHD,0,TIAN SIANG OILL MILL SDN BHD,0,,0,
TIAN SIANG OILL MILL (PAHANG) SDN BHD,0,TIAN SIANG OILL MILL (PERAK) SDN BHD,0,TIAN SIANG OILL MILL SDN BHD,0,TIAN SIANG OILL MILL (AIR KUNING) SDN BHD,0,,0,
TIAN SIANG OILL MILL (PERAK) SDN BHD,0,TIAN SIANG OILL MILL SDN BHD,0,TIAN SIANG OILL MILL (PAHANG) SDN BHD,0,TIAN SIANG OILL MILL (AIR KUNING) SDN BHD,0,,0,
TIAN SIANG OILL MILL SDN BHD,0,TIAN SIANG OILL MILL (PERAK) SDN BHD,0,TIAN SIANG OILL MILL (PAHANG) SDN BHD,0,TIAN SIANG OILL MILL (AIR KUNING) SDN BHD,0,,0,
TOR GANDA,0,TORUS GANDA,0,,0,,0,,0,
TORUS GANDA,0,TOR GANDA,0,,0,,0,,0,
"TRAD PALM OIL CO,.LTD",0,"TRANG PALM OIL  CO.,LTD",0,,0,,0,,0,
"TRANG PALM OIL  CO.,LTD",0,"TRAD PALM OIL CO,.LTD",0,,0,,0,,0,
TRIPUTRA AGRO,0,TRIPUTRA AGRO PERSADA,0,,0,,0,,0,
TRIPUTRA AGRO PERSADA,0,TRIPUTRA AGRO,0,,0,,0,,0,
UNIQUE PALM OIL MILL SDN BHD,0,KENINGAU PALM OIL MILL SDN BHD,0,SERIAN PALM OIL MILL SDN BHD,0,,0,,0,
VEETAR PALM OIL MILL SDN BHD,0,ENDAU PALM OIL MILL SDN BHD,0,BAU PALM OIL MILL SDN BHD,0,ST PALM OIL MILL SDN BHD,0,JUGRA PALM OIL MILL SDN BHD,0,
WINDU NABATINDO ABADI,0,WINDU NABATINDO LESTARI,0,,0,,0,,0,
WINDU NABATINDO LESTARI,0,WINDU NABATINDO ABADI,0,,0,,0,,0,
WTK OIL MILL SDN BHD,0,TBS OIL MILL SDN BHD,0,,0,,0,,0,
YUWANG PALM OIL MILL SDN BHD,0,JUGRA PALM OIL MILL SDN BHD,0,ENDAU PALM OIL MILL SDN BHD,0,BAU PALM OIL MILL SDN BHD,0,SUKAU PALM OIL MILL SDN BHD,0,KAHANG PALM OIL MILL SDN BHD